id,question,answer,category,keywords
BTC_001,Who can donate to A+ blood type?,"A+ patients can receive blood from A+, A-, and O+ donors. They can donate to A+ and AB+ patients. A+ is one of the most common blood types.",blood_type_compatibility,"A+, donor, recipient, blood type"
BTC_002,Who can donate to B+ blood type?,"B+ patients can receive blood from B+, B-, and O+ donors. They can donate to B+ and AB+ patients.",blood_type_compatibility,"B+, donor, recipient, blood type"
BTC_003,Who can donate to AB+ blood type?,"AB+ is the universal recipient. They can receive blood from any blood type: A+, A-, B+, B-, AB+, AB-, O+, and O-. However, they can only donate to other AB+ patients.",blood_type_compatibility,"AB+, universal recipient, donor, blood type"
BTC_004,Who can donate to O+ blood type?,"O+ patients can only receive blood from O+ and O- donors. However, O+ is a universal donor for all positive blood types (A+, B+, AB+, O+). About 37% of the population has O+ blood.",blood_type_compatibility,"O+, universal donor, recipient, blood type"
BTC_005,Who can donate to A- blood type?,"A- patients can receive blood from A- and O- donors. They can donate to A+, A-, AB+, and AB- patients. A- is relatively rare, with only about 6% of the population having this type.",blood_type_compatibility,"A-, donor, recipient, rare blood type"
BTC_006,Who can donate to B- blood type?,"B- patients can receive blood from B- and O- donors. They can donate to B+, B-, AB+, and AB- patients. B- is rare, with about 2% of the population having this type.",blood_type_compatibility,"B-, donor, recipient, rare blood type"
BTC_007,Who can donate to AB- blood type?,"AB- patients can receive blood from AB-, A-, B-, and O- donors. They can donate to both AB+ and AB- patients. AB- is the rarest blood type, with only about 1% of the population having it.",blood_type_compatibility,"AB-, rarest blood type, donor, recipient"
BTC_008,Who can donate to O- blood type?,"O- is the universal donor. O- patients can only receive blood from O- donors, but they can donate to ALL blood types (A+, A-, B+, B-, AB+, AB-, O+, O-). O- is crucial for emergencies and newborns.",blood_type_compatibility,"O-, universal donor, emergency, newborns"
BTC_009,What is the universal donor blood type?,O- (O Negative) is the universal donor. People with O- blood can donate to anyone regardless of the recipient's blood type. This makes O- blood extremely valuable in emergencies when there's no time to determine the patient's blood type.,blood_type_compatibility,"universal donor, O-, emergency"
BTC_010,What is the universal recipient blood type?,AB+ (AB Positive) is the universal recipient. People with AB+ blood can receive blood from any blood type. They are the only group that can receive all blood types safely.,blood_type_compatibility,"universal recipient, AB+, receive blood"
BTC_011,What is the rarest blood type?,"The rarest blood type is AB-, found in only about 1% of the population. The most common blood type is O+, found in about 37% of people globally. In Pakistan, B+ is the most common blood type.",blood_type_compatibility,"rarest blood type, AB-, common blood type"
BTC_012,Can O+ donate to A+?,"No. O+ can only donate to other positive blood types: A+, B+, AB+, and O+. O+ cannot donate to negative blood types (A-, B-, AB-, O-) because the Rh factor (+) would cause a reaction in Rh- recipients.",blood_type_compatibility,"O+, A+, donate, Rh factor"
BTC_013,Can A- donate to A+?,Yes. A- can donate to A+ and AB+ patients. The Rh-negative blood can safely be given to Rh-positive recipients.,blood_type_compatibility,"A-, A+, donate, Rh negative"
BTC_014,What blood type is most needed?,"O- is always in highest demand because it's the universal donor, critical for emergencies and newborns. O+ is also frequently needed because it's the most common type and can donate to all positive types. AB plasma is always needed as the universal plasma donor.",blood_type_compatibility,"most needed, O-, O+, AB plasma, demand"
ER_001,What are the basic eligibility requirements for blood donation?,"Basic requirements according to WHO and Red Cross guidelines: Age 18-65 years (some centers accept 17-66), weight at least 50 kg (110 lbs), good general health, no cold/flu symptoms, hemoglobin level ≥12.5 g/dL for women and ≥13.0 g/dL for men, valid government-issued ID (CNIC in Pakistan). You must feel well and healthy on donation day.",eligibility_requirements,"eligibility, requirements, WHO, age, weight, hemoglobin"
ER_002,What is the minimum age for blood donation?,"The minimum age is 18 in most countries. Some centers accept 17-year-olds with parental consent. In Pakistan, the legal minimum age is 18 years. There is no upper age limit if you're healthy; many regular donors are 65+.",eligibility_requirements,"minimum age, 18, 17, Pakistan"
ER_003,What is the maximum age for blood donation?,"There is no strict upper age limit according to WHO guidelines. Healthy adults over 65 can continue donating if they meet all health criteria. Many blood centers allow donations up to age 70 or beyond with physician approval. The focus is on health status, not age.",eligibility_requirements,"maximum age, 65, 70, WHO, health status"
ER_004,What is the minimum weight for blood donation?,"The minimum weight is 50 kg (110 lbs) according to WHO standards. This requirement exists because the standard blood collection is 450 mL, and lower body weight may not tolerate this volume loss safely. If you weigh less than 50 kg, you may not be eligible.",eligibility_requirements,"minimum weight, 50 kg, 110 lbs, WHO"
ER_005,Can I donate blood if I'm underweight?,"If you weigh less than 50 kg (110 lbs), you cannot donate whole blood. This is a safety requirement. Some centers may allow lower-weight donors to donate platelets or plasma instead, which collect smaller volumes. Focus on reaching a healthy weight first.",eligibility_requirements,"underweight, 50 kg, platelets, plasma"
ER_006,What hemoglobin level is required for blood donation?,"According to WHO guidelines, men must have hemoglobin ≥13.0 g/dL, and women must have ≥12.5 g/dL. This minimum ensures the donor has enough red blood cells to safely give blood without becoming anemic. Hemoglobin is tested before every donation using a finger-prick test.",eligibility_requirements,"hemoglobin, 13.0 g/dL, 12.5 g/dL, WHO, anemia"
ER_007,What if my hemoglobin is too low to donate?,"If your hemoglobin is below the minimum (13.0 g/dL for men, 12.5 g/dL for women), you'll be deferred from donating. This is for your safety. To increase hemoglobin: eat iron-rich foods (red meat, spinach, lentils), take iron supplements, avoid tea/coffee with meals, and include Vitamin C in your diet to aid iron absorption.",eligibility_requirements,"low hemoglobin, deferred, iron, diet, supplements"
ER_008,What are the health requirements for blood donation?,"You must be in good general health with no acute illness. Your blood pressure should be within normal range (typically below 180/100), body temperature normal (oral temperature not exceeding 37.5°C/99.5°F), pulse normal (60-100 beats per minute), and no signs of infection. You should feel well on donation day.",eligibility_requirements,"health requirements, blood pressure, temperature, pulse, infection"
ER_009,Can I donate blood if I have high blood pressure?,"Yes, if your blood pressure is well-controlled with medication and is below 180/100 mmHg at the time of donation. Bring your medication list. Many people with controlled hypertension donate regularly. However, if your blood pressure is elevated at the screening, you'll be asked to return when it's controlled.",eligibility_requirements,"high blood pressure, hypertension, medication, 180/100"
ER_010,Can I donate blood if I have diabetes?,"Most diabetics can donate if their condition is well-managed. Those managing diabetes through diet or oral medication are usually eligible. People using insulin may donate if their diabetes is well-controlled, though some centers have specific policies. You should not donate if you've had diabetes complications or have had hypoglycemic episodes recently.",eligibility_requirements,"diabetes, insulin, oral medication, complications"
ER_011,Can I donate blood if I have low blood pressure?,"If you have low blood pressure (hypotension) but feel well and have no symptoms like dizziness, you may be eligible. The focus is on how you feel and function. If your low blood pressure causes symptoms, donation might not be safe for you.",eligibility_requirements,"low blood pressure, hypotension, dizziness, symptoms"
ER_012,Can I donate blood if I'm anemic?,"No, you cannot donate if you're anemic. Anemia means your hemoglobin is already low, and donating would reduce it further to unsafe levels. Focus on treating the anemia first through diet, supplements, or medical treatment. Once your hemoglobin meets the minimum requirement, you can donate.",eligibility_requirements,"anemic, anemia, hemoglobin, deferred"
ER_013,Can I donate blood if I have thyroid problems?,"If you have hypothyroidism or hyperthyroidism that is well-controlled with medication, you can usually donate. Your TSH levels should be within normal range. Bring your medication information. If your thyroid condition is not well-controlled, you'll need to wait until it is stabilized.",eligibility_requirements,"thyroid, hypothyroidism, hyperthyroidism, TSH, medication"
MCM_001,Can I donate blood if I have a tattoo?,"According to WHO and Red Cross guidelines, you may need to wait 3-12 months after getting a tattoo, depending on local regulations. This is due to hepatitis risk. In many countries, if your tattoo was applied at a licensed, regulated facility using sterile equipment, the waiting period may be reduced to 3 months. In Pakistan, the standard waiting period is typically 6-12 months.",medical_conditions_medications,"tattoo, waiting period, hepatitis, Pakistan, 3 months, 12 months"
MCM_002,Can I donate blood if I have piercings?,"Similar to tattoos, you'll need to wait 3-12 months after body piercing. If done at a licensed facility with sterile equipment, some centers allow donation after 3 months. Ear piercings done with piercing guns at reputable jewelry stores may have shorter waiting periods. Always inform staff about recent piercings.",medical_conditions_medications,"piercings, waiting period, hepatitis, licensed facility"
MCM_003,Can I donate blood if I'm taking antibiotics?,"You must wait until your infection is completely resolved and you've finished your antibiotic course. The typical waiting period is 3-7 days after completing the full course of antibiotics, depending on the type of infection. You must feel completely well and have no fever or symptoms. Taking antibiotics on donation day will temporarily disqualify you.",medical_conditions_medications,"antibiotics, infection, waiting period, fever"
MCM_004,Can I donate blood if I'm taking aspirin?,"You can donate whole blood while taking aspirin, but you cannot donate platelets. Aspirin affects platelet function, making them unsuitable for transfusion. If you're a regular aspirin user, you may need to stop taking it for at least 2-3 days before platelet donation (consult your doctor first). Always inform staff about any medications.",medical_conditions_medications,"aspirin, platelets, medication, platelet donation"
MCM_005,Can I donate blood if I'm on birth control?,"Yes, you can donate blood while taking birth control pills, patches, rings, or injections. Birth control does not affect blood donation eligibility. Many women on birth control are regular blood donors.",medical_conditions_medications,"birth control, pills, patches, eligibility"
MCM_006,Can I donate blood if I take blood pressure medication?,"Yes, if your blood pressure is well-controlled and below 180/100 at the time of donation. Most blood pressure medications do not affect eligibility. Bring a list of your medications. You should be on a stable dose for at least one month before donating.",medical_conditions_medications,"blood pressure medication, 180/100, stable dose"
MCM_007,Can I donate blood if I have asthma?,"Yes, if your asthma is well-controlled and you have no symptoms on donation day. You should not donate if you're having an asthma attack, have wheezing, or are using a rescue inhaler more than usual. Bring your medication information.",medical_conditions_medications,"asthma, well-controlled, inhaler, wheezing"
MCM_008,Can I donate blood if I have epilepsy?,"If you have epilepsy but haven't had a seizure in the past 3-12 months (depending on local policy) and your condition is controlled with medication, you may be eligible. Each case is evaluated individually. Bring information about your condition and medications.",medical_conditions_medications,"epilepsy, seizure, medication, controlled"
MCM_009,Can I donate blood if I have cancer?,"It depends on the type and stage of cancer. If you've been successfully treated and cancer-free for a certain period (typically 1-5 years depending on cancer type), you may be eligible. If you currently have cancer or are undergoing treatment (chemotherapy, radiation), you cannot donate. Skin cancers removed completely usually don't require waiting.",medical_conditions_medications,"cancer, chemotherapy, radiation, cancer-free"
MCM_010,Can I donate blood if I have HIV or AIDS?,"No, you cannot donate blood if you have HIV or AIDS, or if you are at risk for HIV. This is a permanent deferral for the safety of the blood supply. Blood screening tests all donations for HIV, but there's a window period where infection might not be detected. Honesty in health screening is crucial.",medical_conditions_medications,"HIV, AIDS, permanent deferral, window period"
MCM_011,Can I donate blood if I have hepatitis?,"If you've had hepatitis B or C after age 11, you cannot donate. If you had hepatitis A before age 11, you may be eligible. Any history of hepatitis requires medical evaluation. Blood is tested for hepatitis B and C, but donor screening is essential for safety.",medical_conditions_medications,"hepatitis, hepatitis B, hepatitis C, hepatitis A, age 11"
MCM_012,Can I donate blood if I've had COVID-19?,"You can donate once you're fully recovered and symptom-free. According to Red Cross guidelines, wait at least 14 days after a positive test and complete resolution of symptoms. If you were hospitalized, the waiting period may be longer. There's no evidence COVID-19 can be transmitted through blood, but these precautions protect donor health.",medical_conditions_medications,"COVID-19, recovered, 14 days, symptom-free"
MCM_013,Can I donate blood after COVID-19 vaccination?,"Yes, you can donate blood immediately after receiving COVID-19 vaccination if you feel well and have no symptoms. There's no waiting period required. Inform staff about which vaccine you received and when. COVID-19 vaccination does not affect blood safety or donation eligibility.",medical_conditions_medications,"COVID-19 vaccination, vaccine, no waiting period"
MCM_014,Can I donate blood if I'm pregnant?,"No, you cannot donate blood while pregnant. Pregnancy increases blood volume, and donating would affect both mother and baby. Iron needs are higher during pregnancy. After giving birth, you must wait at least 9 months (some centers require 6 months) before donating again. This ensures your body has fully recovered.",medical_conditions_medications,"pregnant, pregnancy, 9 months, postpartum"
MCM_015,Can I donate blood if I'm breastfeeding?,"After giving birth, you must wait at least 9 months before donating. Once this period has passed and you've weaned your baby, you can donate. If you're still breastfeeding after 9 months postpartum, consult with the donation center as policies vary.",medical_conditions_medications,"breastfeeding, postpartum, 9 months, weaned"
MCM_016,Can I donate blood during menstruation?,"Yes, women can donate during menstruation as long as hemoglobin levels meet requirements (≥12.5 g/dL). However, menstruation can lower hemoglobin, so you're more likely to be deferred during this time. If your hemoglobin is too low, wait until your period ends and iron levels recover before trying again.",medical_conditions_medications,"menstruation, period, hemoglobin, deferred"
MCM_017,Can I donate blood if I have a cold or flu?,"No, you cannot donate while sick with cold or flu. Wait until you're completely symptom-free for at least 7 days and feel well. If you have a fever, you must be fever-free without medication for at least 24-48 hours. Donating while sick would be dangerous for you and could affect blood quality.",medical_conditions_medications,"cold, flu, fever, symptom-free, 7 days"
MCM_018,Can I donate blood if I have allergies?,"Yes, if your allergies are mild and you have no symptoms on donation day. You can take antihistamines before donation. However, if you're having an allergic reaction (hives, swelling, difficulty breathing), you'll be deferred until symptoms resolve. Severe allergies requiring emergency care require waiting.",medical_conditions_medications,"allergies, antihistamines, allergic reaction, hives"
MCM_019,Can I donate blood if I've had recent surgery?,"The waiting period depends on the type of surgery: Minor surgery (dental, skin) - wait 7 days. Major surgery - wait until fully recovered and cleared by doctor, typically 4-6 weeks. Surgeries requiring hospitalization may have longer waiting periods. Bring doctor's clearance if recently had major surgery.",medical_conditions_medications,"surgery, recovery, doctor clearance, waiting period"
MCM_020,Can I donate blood if I've had a blood transfusion?,"In many countries, you must wait 3-12 months after receiving a blood transfusion. This is due to risk of infections or antibody development. Some countries have stricter policies for certain recipients. Check your local blood center's specific policy.",medical_conditions_medications,"blood transfusion, waiting period, infections, antibodies"
MCM_021,Can I donate blood if I have dental work?,"After routine cleaning or filling, wait 24 hours. After root canal, extraction, or oral surgery, wait 7 days. This allows time for any oral bacteria to enter your bloodstream to be cleared and for healing to occur. Extractions create open wounds that need time to heal.",medical_conditions_medications,"dental work, cleaning, filling, root canal, extraction"
MCM_022,Can I donate blood if I have heart disease?,"Most people with heart disease cannot donate. However, if you had heart surgery more than 6 months ago, are fully recovered, have no symptoms, and have doctor clearance, some centers may accept you. Each case is individually evaluated. Uncontrolled heart disease, recent heart attack, or heart failure are permanent deferrals.",medical_conditions_medications,"heart disease, heart surgery, heart attack, heart failure"
MCM_023,Can I donate blood if I have kidney disease?,"Most people with kidney disease cannot donate. However, if you have one kidney (born that way or donated one kidney) and are healthy with normal kidney function, you may be eligible. Chronic kidney disease, dialysis, or kidney transplant recipients are permanently deferred.",medical_conditions_medications,"kidney disease, one kidney, dialysis, transplant"
MCM_024,Can I donate blood if I have had malaria?,"If you've had malaria, you must wait at least 3 years after completing treatment, and be completely symptom-free. If you've traveled to a malaria-endemic area, the waiting period varies from 3-12 months depending on location and duration. Malaria can be transmitted through blood, so screening is crucial.",medical_conditions_medications,"malaria, waiting period, 3 years, malaria-endemic"
MCM_025,Can I donate blood if I have had a tattoo in Pakistan?,"In Pakistan, the standard waiting period after getting a tattoo is 6-12 months. This is due to hepatitis risk and varying sterilization standards. The waiting period may be shorter if you got your tattoo from a certified, reputable facility using single-use needles. Always be honest about recent tattoos.",medical_conditions_medications,"tattoo, Pakistan, 6-12 months, hepatitis, sterilization"
MCM_026,Can I donate blood if I'm taking antidepressants?,"Most antidepressants do not disqualify you from donating. You can donate if your condition is stable, you're feeling well, and you're not experiencing side effects. Bring your medication information. However, if you're taking antidepressants for severe depression or have been hospitalized for mental health, additional evaluation may be needed.",medical_conditions_medications,"antidepressants, stable, side effects, hospitalized"
DP_001,How long does the blood donation process take?,"The entire process takes about 45-60 minutes. Breakdown: Registration and ID check (5-10 minutes), Health history questionnaire (10-15 minutes), Mini-physical (temperature, blood pressure, hemoglobin test) (5 minutes), Actual blood donation (10-15 minutes), Post-donation refreshment period (15 minutes). The actual blood draw only takes 8-10 minutes.",donation_process,"duration, time, process, 45-60 minutes"
DP_002,What happens during blood donation?,"Step by step: 1) You register and show ID. 2) You complete a health history questionnaire privately. 3) You receive a mini-physical (temperature, blood pressure, pulse, hemoglobin). 4) You sit in a comfortable chair. 5) Staff cleanse your arm and insert a sterile needle. 6) Blood flows into a bag (about 1 pint/450 mL). 7) Needle is removed and bandage applied. 8) You rest with snacks and juice for 15 minutes.",donation_process,"process, steps, registration, screening, donation"
DP_003,Does blood donation hurt?,"Most people report little to no pain. You'll feel a quick pinch when the needle is inserted, similar to a vaccine shot. The actual donation is painless. Some people feel mild discomfort from the needle, but it's over quickly. Staff are trained to make you as comfortable as possible.",donation_process,"pain, hurt, needle, pinch, comfortable"
DP_004,How much blood is taken during donation?,One unit (about 450 mL or roughly 1 pint) is collected during whole blood donation. This is about 10% of your total blood volume. Your body replaces this volume within 24-48 hours and the red blood cells within a few weeks. The amount taken is safe for adults meeting eligibility criteria.,donation_process,"450 mL, 1 pint, blood volume, safe"
DP_005,What happens to my blood after donation?,"Your blood is tested for infectious diseases (HIV, hepatitis, syphilis, etc.), typed (ABO and Rh), and separated into components. Red blood cells go to trauma patients and surgery. Plasma goes to burn victims and clotting disorders. Platelets go to cancer patients. Your single donation can help up to 3 different patients.",donation_process,"after donation, testing, components, patients"
DP_006,How long does donated blood last?,"Different components have different shelf lives: Red blood cells last 42 days, Platelets last only 5-7 days, Plasma can be frozen for up to 1 year. Because platelets expire quickly, constant donations are needed. Fresh red blood cells are also preferred for certain patients.",donation_process,"shelf life, 42 days, 5-7 days, 1 year, expiration"
DP_007,Will I feel weak after donating blood?,"Most people feel fine after donating. Some may feel lightheaded or slightly tired for a few hours. This is temporary and resolves with rest, food, and fluids. Following post-donation instructions (eat, rest, hydrate) prevents these feelings. You can resume normal activities the next day, avoiding heavy exercise for 24 hours.",donation_process,"weak, lightheaded, tired, temporary, recovery"
DP_008,Can I drive after donating blood?,"Yes, you can drive after donating if you feel well and have no dizziness. However, wait the full 15 minutes after donation and have refreshments before driving. If you feel lightheaded, wait longer or have someone drive you. Avoid driving if you feel any weakness.",donation_process,"drive, dizziness, 15 minutes, refreshments"
DP_009,Can I exercise after donating blood?,"Avoid heavy exercise, strenuous activity, and heavy lifting for 24 hours after donation. This includes gym workouts, running, sports, and lifting heavy objects. Light walking is fine. Your body needs time to replenish blood volume. You can return to normal exercise the next day if you feel well.",donation_process,"exercise, strenuous, 24 hours, heavy lifting"
DP_010,Can I drink alcohol after donating blood?,Avoid alcohol for 24 hours after donation. Alcohol can worsen dehydration and increase lightheadedness. Focus on water and juices for the first day. You can resume moderate alcohol consumption the next day if you feel well.,donation_process,"alcohol, 24 hours, dehydration, lightheaded"
DP_011,Can I smoke after donating blood?,"Avoid smoking for at least 2-4 hours after donation, ideally longer. Smoking affects circulation and can worsen lightheadedness. Nicotine constricts blood vessels. If you must smoke, wait until after the refreshment period and feel completely well. This is a good time to cut down or quit!",donation_process,"smoke, 2-4 hours, circulation, nicotine"
DP_012,Can I donate blood if I'm afraid of needles?,"Yes! Many people are afraid of needles, and blood donation staff are experienced in helping nervous donors. You can look away during the needle insertion. The pinch only lasts a second. Many regular donors started with needle phobia. Let staff know you're nervous - they'll help make it easier.",donation_process,"afraid of needles, needle phobia, nervous, staff"
DP_013,Can I listen to music or use my phone during donation?,"Yes! Many centers allow you to use headphones, listen to music, or use your phone during donation. This helps relax and pass the time. However, you may need to use one arm and cannot move the donation arm. Some centers provide tablets or magazines as well.",donation_process,"music, phone, headphones, relax"
DP_014,What should I wear to donate blood?,Wear a shirt with sleeves that can be easily rolled up above your elbow. Short sleeves or loose long sleeves work best. Avoid tight sleeves. You'll be more comfortable if you're not too hot or cold. Dress comfortably as you'll be sitting for about 15 minutes.,donation_process,"wear, clothing, sleeves, comfortable"
DP_015,What should I bring to my blood donation appointment?,"Bring: Valid government-issued ID (CNIC, passport, or driver's license), List of any medications you're taking, Knowledge of any recent travel or medical history, If you're a regular donor, your donor card (if available). Most importantly, bring yourself well-rested, well-fed, and well-hydrated!",donation_process,"bring, ID, CNIC, medications, donor card"
DP_016,What tests are performed before donation?,"Before donation, you'll receive a mini-physical including: Temperature check (must be normal), Blood pressure measurement (must be below 180/100), Pulse rate check (must be 60-100 bpm), Hemoglobin test (finger prick to check iron levels, must be ≥12.5 g/dL for women, ≥13.0 g/dL for men). Quick confidential health interview.",donation_process,"tests, temperature, blood pressure, pulse, hemoglobin"
DP_017,What tests are performed on donated blood?,"Every donation is tested for: HIV 1 and 2, Hepatitis B and C, Syphilis, West Nile Virus, Trypanosoma cruzi (Chagas disease in some regions), HTLV (in some regions), Blood type (ABO and Rh group), Unexpected red blood cell antibodies. Any positive test results in the donation being discarded and donor notified.",donation_process,"tests, HIV, hepatitis, syphilis, blood type"
PFD_001,What should I eat before donating blood?,"Eat a iron-rich meal 2-3 hours before donation: Red meat, spinach, leafy greens, fortified cereals, beans, lentils, dried fruits. Avoid fatty foods (fries, burgers) as they can affect blood tests. Don't donate on an empty stomach - a balanced meal prevents lightheadedness.",preparation_for_donation,"eat, iron-rich, meal, fatty foods"
PFD_002,What should I drink before donating blood?,Drink an extra 16 oz (500 mL) of water before donation. Start hydrating well the day before - aim for 8-10 glasses of water daily. Avoid alcohol for 24 hours before donation. Limit caffeine on donation day as it can affect hydration. Sports drinks or juice are also good.,preparation_for_donation,"drink, water, hydrate, alcohol, caffeine"
PFD_003,Can I drink coffee before donating blood?,"It's better to limit caffeine before donation. Coffee is a mild diuretic and can affect hydration. If you must have coffee, drink extra water to compensate. Decaf is a better option. Being well-hydrated makes donation easier and reduces lightheadedness.",preparation_for_donation,"coffee, caffeine, hydration, decaf"
PFD_004,Can I eat breakfast before donating blood?,Yes! Eat a good breakfast containing iron-rich foods and some protein. Don't skip breakfast - donating on an empty stomach increases risk of fainting. Avoid fatty breakfast foods. Include juice or water with breakfast to start hydration.,preparation_for_donation,"breakfast, iron-rich, protein, fainting"
PFD_005,Can I donate blood after fasting?,"No, you should not donate blood while fasting. Eat a normal meal within 2-4 hours before donating. During Ramadan, you can donate after breaking your fast at Iftar when you've had food and water. Never donate on an empty stomach - it increases risk of complications.",preparation_for_donation,"fasting, Ramadan, Iftar, empty stomach"
PFD_006,How much water should I drink before donating blood?,"Drink at least 16 oz (500 mL) extra water before donation. Ideally, start increasing water intake the day before. Aim for clear or light yellow urine before donating - this shows good hydration. Well-hydrated veins are easier to find, making the process smoother.",preparation_for_donation,"water, 500 mL, 16 oz, hydration, veins"
PFD_007,Can I take vitamins before donating blood?,"Yes, you can take vitamins before donating. In fact, iron supplements taken regularly can help maintain healthy hemoglobin levels. Don't start new supplements right before donation - be consistent. Vitamin C helps iron absorption, so it's beneficial.",preparation_for_donation,"vitamins, iron supplements, Vitamin C, absorption"
PFD_008,Should I avoid anything before donating blood?,"Avoid: Alcohol for 24 hours before, Aspirin for 2 days before (if donating platelets), Fatty foods on donation day, Strenuous exercise the day before, Smoking immediately before, Skipping meals, Dehydration. These can all affect your eligibility or make donation difficult.",preparation_for_donation,"avoid, alcohol, aspirin, fatty foods, exercise"
PFD_009,Can I donate blood in the morning or afternoon?,"Both are fine! Morning donors: Eat breakfast, hydrate. Afternoon donors: Eat lunch, stay hydrated throughout the day. Choose a time when you're well-rested and not rushed. Avoid times when you'd normally be very hungry or tired. Most people feel best donating in the morning after breakfast.",preparation_for_donation,"morning, afternoon, breakfast, lunch"
PFD_010,How long should I sleep before donating blood?,"Get a normal night's sleep before donation - at least 6-8 hours. Avoid staying up late the night before. Being well-rested reduces risk of feeling faint. If you're exhausted or sleep-deprived, consider rescheduling. Don't donate after a night of poor sleep.",preparation_for_donation,"sleep, 6-8 hours, well-rested, faint"
PFD_011,Can I donate blood if I'm tired?,"If you're slightly tired but otherwise healthy, you can donate. But if you're exhausted, have had poor sleep, or feel unwell, it's better to reschedule. Donation may make fatigue worse temporarily. Listen to your body - if you're not feeling well, don't donate.",preparation_for_donation,"tired, exhausted, sleep, reschedule"
PFD_012,Can I donate blood if I'm stressed?,"Mild stress doesn't prevent donation, and donating may actually make you feel good! However, severe stress or anxiety may affect your blood pressure and make the experience unpleasant. If you're very stressed, consider rescheduling. Staff can help if you're anxious about the process.",preparation_for_donation,"stressed, anxiety, blood pressure"
PFD_013,Can I donate blood during Ramadan?,"Yes, but you cannot donate while fasting. Schedule donations for after Iftar when you've broken your fast with food and water. Many blood centers extend hours during Ramadan. Stay well-hydrated between Iftar and Suhoor. Consider donating at the beginning or end of Ramadan.",preparation_for_donation,"Ramadan, fasting, Iftar, Suhoor"
PDC_001,What should I do immediately after donating blood?,"After donation: Stay in the refreshment area for 15 minutes, eat the provided snacks and drink juice/water, keep the bandage on for 4-6 hours, avoid heavy lifting for 24 hours, avoid strenuous exercise for 24 hours, drink plenty of fluids for 24-48 hours, avoid alcohol for 24 hours. Don't rush to leave - rest is important!",post_donation_care,"immediately after, refreshment, bandage, rest"
PDC_002,What should I eat after donating blood?,"Eat iron-rich foods for the next few days to help your body rebuild red blood cells: Red meat, spinach, lentils, beans, fortified cereals, dried fruits, nuts. Combine with Vitamin C (citrus fruits, tomatoes) for better iron absorption. Avoid alcohol for 24 hours. Your body needs nutrients to replace what was donated.",post_donation_care,"eat after, iron-rich, Vitamin C, nutrients"
PDC_003,How long should I keep the bandage on after donating?,"Keep the bandage on for at least 4-6 hours after donation. This allows the needle site to heal properly and prevents bleeding. If bleeding restarts, apply pressure and bandage again. Keep the bandage dry. After removing it, keep the area clean. Some bruising is normal.",post_donation_care,"bandage, 4-6 hours, heal, bruising"
PDC_004,Can I shower after donating blood?,"Yes, you can shower after donating. However, avoid hot baths, saunas, or hot tubs for 24 hours as heat can cause vasodilation and increase risk of fainting. Warm showers are fine. Keep the bandage dry or cover it. Gentle soap and water on the donation site is fine after bandage removal.",post_donation_care,"shower, hot bath, sauna, fainting"
PDC_005,Can I work after donating blood?,"Most people can return to work after donation, especially if it's desk work. However, if your job involves physical labor, heavy lifting, or operating machinery, you may need to wait or take it easy. Listen to your body. If you feel lightheaded, rest. Taking the rest of the day off is ideal if possible.",post_donation_care,"work, physical labor, heavy lifting, lightheaded"
PDC_006,Can I donate blood twice in one day?,"No, absolutely not. You must wait at least 56 days (8 weeks) between whole blood donations. This gives your body time to replace the donated red blood cells. Attempting to donate twice would be dangerous and blood centers would not allow it. The waiting period is mandatory.",post_donation_care,"twice in one day, 56 days, 8 weeks, waiting period"
PDC_007,What if I feel dizzy after donating blood?,"Mild dizziness is common and usually resolves quickly. Sit or lie down immediately. Raise your feet above heart level if lying down. Drink water and eat snacks. Don't try to walk around if dizzy. If dizziness persists beyond an hour or is severe, contact the donation center or seek medical care.",post_donation_care,"dizzy, dizziness, lie down, water"
PDC_008,What if my arm hurts after donating blood?,"Mild soreness at the needle site is normal for 1-2 days. Apply ice for 15 minutes at a time. Avoid heavy lifting. If pain is severe, arm becomes swollen, or you have numbness/tingling, contact the donation center. Some bruising is normal and should resolve in a week.",post_donation_care,"arm hurts, soreness, ice, numbness"
PDC_009,Is it normal to have a bruise after donating blood?,"Yes, some bruising is normal. It's caused by small blood vessels under the skin being punctured. Bruises typically appear blue/purple, then green/yellow as they heal. They resolve in 1-2 weeks. Apply ice to reduce bruising. If bruising is severe or painful, contact the donation center.",post_donation_care,"bruise, bruising, normal, ice"
PDC_010,What if the bleeding doesn't stop after donating?,"If bleeding restarts, apply firm pressure with a clean cloth for 5-10 minutes with arm raised. If bleeding persists after 10 minutes of pressure, contact the donation center or seek medical care. Keep the arm elevated above heart level. Don't remove the initial bandage for the full 4-6 hours.",post_donation_care,"bleeding, pressure, arm raised, medical care"
PDC_011,Can I take pain medication after donating blood?,Acetaminophen (Tylenol) is safe to take after donation if needed for soreness. Avoid aspirin for 48 hours as it can prolong bleeding. NSAIDs like ibuprofen are generally safe but ask staff if unsure. Most people don't need pain medication after donation.,post_donation_care,"pain medication, Acetaminophen, Tylenol, aspirin"
DFL_001,How often can I donate whole blood?,"According to WHO and Red Cross guidelines, men can donate whole blood every 12 weeks (84 days), and women every 16 weeks (112 days). This minimum waiting period allows your body to replace red blood cells and iron. In many countries, the standard is every 56 days (8 weeks) for healthy adults. Pakistan typically follows the 56-day guideline.",donation_frequency_limits,"frequency, whole blood, 56 days, 8 weeks, Pakistan"
DFL_002,How often can I donate platelets?,"You can donate platelets much more frequently than whole blood - every 7 days (up to 24 times per year). Platelets regenerate quickly. Because of this, platelet donors are always in high demand. The donation process takes longer (about 2 hours) but helps cancer patients greatly.",donation_frequency_limits,"platelets, frequency, 7 days, 24 times, cancer patients"
DFL_003,How often can I donate plasma?,"You can donate plasma every 28 days (about 13 times per year). Plasma regenerates faster than red blood cells. Plasma donation takes longer and uses different equipment. Plasma is crucial for burn victims, trauma patients, and clotting disorders.",donation_frequency_limits,"plasma, frequency, 28 days, 13 times, burn victims"
DFL_004,How often can I donate double red blood cells?,"You can donate double red cells (2 units of red cells at once) every 16 weeks (112 days). This is for men over 5'1"" and women over 5'5"" who meet higher hemoglobin requirements. Double red donation is more efficient but requires stricter eligibility. Check with your local center.",donation_frequency_limits,"double red cells, frequency, 16 weeks, hemoglobin"
DFL_005,What is the maximum number of times I can donate blood per year?,"With the 56-day minimum interval, the maximum is about 6 times per year. Some countries with 84-day intervals allow 4 times per year. Platelets can be donated up to 24 times per year. Always follow your local blood center's guidelines and ensure you're maintaining good health.",donation_frequency_limits,"maximum, per year, 6 times, 24 times, platelets"
DFL_006,Why is there a waiting period between donations?,Your body needs time to replace the donated red blood cells and replenish iron stores. Red blood cells take about 56 days to fully regenerate. Iron takes even longer to replace. The waiting period ensures you stay healthy and your blood quality remains good for recipients.,donation_frequency_limits,"waiting period, 56 days, regenerate, iron"
DFL_007,What happens if I donate too frequently?,"Donating more frequently than recommended can lead to anemia, iron deficiency, fatigue, and other health problems. Blood centers track donations and will not allow you to donate before the minimum interval. These limits are for donor safety and blood quality.",donation_frequency_limits,"too frequently, anemia, iron deficiency, fatigue"
DFL_008,Can I skip the waiting period in an emergency?,"No, the waiting period is mandatory even in emergencies. Blood centers will not make exceptions. If there's an emergency and you're not eligible, encourage other eligible donors to help. The waiting period ensures donor safety and blood quality.",donation_frequency_limits,"emergency, skip waiting, mandatory, safety"
SR_001,Is blood donation safe?,"Yes, blood donation is completely safe according to WHO. All equipment (needles, tubing, collection bags) is sterile, single-use, and disposable. Nothing is ever reused. You cannot get HIV, hepatitis, or any disease from donating. The entire process is supervised by trained professionals. Minor side effects like mild bruising or lightheadedness may occur but are temporary.",safety_risks,"safe, WHO, sterile, single-use, side effects"
SR_002,Can you get HIV from donating blood?,"No, absolutely not. The needle and collection equipment are sterile and used only once. They are never reused. HIV and other viruses cannot be transmitted through blood donation. This is a common myth with no truth to it.",safety_risks,"HIV, myth, sterile, equipment"
SR_003,Can you get hepatitis from donating blood?,"No, you cannot get hepatitis from donating blood. All equipment is sterile and single-use. The collection bag and tubing are never reused. Safety standards are extremely high. Every precaution is taken to ensure donor safety.",safety_risks,"hepatitis, sterile, single-use, safety"
SR_004,What are the side effects of blood donation?,"Common, minor side effects: Lightheadedness or dizziness (temporary), Mild bruising at needle site, Soreness in the arm, Fatigue for a few hours. These are temporary and resolve within hours to days. Serious side effects are extremely rare. Staff monitor you during and after donation to ensure safety.",safety_risks,"side effects, lightheaded, bruising, fatigue"
SR_005,Will donating blood weaken my immune system?,"No, donating blood does not weaken your immune system. Your immune system remains fully functional. The small amount of blood removed doesn't affect your body's ability to fight infections. Your white blood cell count returns to normal quickly. Donors are not more susceptible to illness.",safety_risks,"immune system, weaken, infections, white blood cells"
SR_006,Will I gain or lose weight from donating blood?,"You may lose about 1 pound (450g) temporarily from the fluid removed, but this returns within 24-48 hours as you hydrate. There's no lasting weight change. Don't donate to lose weight - it's not effective and potentially dangerous. Focus on healthy diet and exercise for weight management.",safety_risks,"weight, lose weight, gain, temporary"
SR_007,Can I faint while donating blood?,"Fainting is rare but possible, especially among first-time donors or those who are nervous, dehydrated, or haven't eaten. Staff are trained to prevent and handle fainting. If you feel faint, tell staff immediately. They'll stop donation and help you. Most fainting episodes can be prevented by eating well, staying hydrated, and resting after donation.",safety_risks,"faint, fainting, nervous, dehydrated"
SR_008,What happens if I faint during donation?,"If you feel faint, tell staff immediately. They'll stop the donation, lower your head or have you lie down with feet elevated, provide cool air, and give you fluids. You'll recover within minutes. Staff will monitor you until you're fully recovered. You may not complete the donation if you faint, which is fine.",safety_risks,"faint, staff, recover, lie down"
SR_009,What are the risks of blood donation?,"Risks are minimal: Minor bruising or soreness at needle site, Temporary lightheadedness, Rarely, fainting, Very rarely, nerve irritation (numbness in arm), Extremely rarely, arterial puncture (needle hits artery instead of vein). Serious complications are extremely rare. The benefits far outweigh the minimal risks.",safety_risks,"risks, bruising, fainting, nerve irritation"
SR_010,Is blood donation painful?,Most donors report little to no pain. You'll feel a quick pinch when the needle is inserted - similar to a vaccine shot or blood test. The actual blood collection is painless. Some people have sensitive veins and may feel mild discomfort. Staff try to make the experience as comfortable as possible.,safety_risks,"painful, pain, pinch, needle"
SR_011,Can I get an infection from donating blood?,"No, infections cannot occur from donating blood. Everything that touches your blood is sterile and single-use. Your skin is thoroughly cleaned before needle insertion. The collection bag and tubing are never reused. There's no risk of HIV, hepatitis, or any other infection.",safety_risks,"infection, sterile, single-use, HIV, hepatitis"
SR_012,Is there enough blood taken to affect my health?,"No, the amount taken (about 1 pint/450 mL) is safe for healthy adults. It's about 10% of your total blood volume. Your body replaces the plasma within 24-48 hours and red blood cells within weeks. Donating does not affect your overall health if you follow guidelines. Millions donate regularly with no health issues.",safety_risks,"health, 450 mL, 1 pint, 10%, safe"
SR_013,Can donating blood cause anemia?,"Regular blood donation can lower iron stores and may lead to anemia if not managed. That's why there are minimum intervals between donations. However, with proper diet including iron-rich foods, most donors maintain healthy iron levels. Your hemoglobin is tested before each donation to ensure safety.",safety_risks,"anemia, iron, hemoglobin, diet"
SR_014,Is blood donation safe for first-time donors?,"Yes, completely safe. First-time donors may be more likely to feel lightheaded due to nervousness, but this is temporary. Staff are experienced with first-time donors and will guide you through the process. Your health is monitored before, during, and after donation. Most first-time donors say it was easier than expected.",safety_risks,"first-time donors, safe, nervous, monitored"
BD_001,Why should I donate blood?,"Blood donation saves lives - one donation can help up to 3 patients. There's no substitute for human blood. Every 2 seconds someone needs blood. Your donation is used for surgeries, cancer treatment, childbirth complications, trauma, and many other medical needs. It's the easiest way to save a life.",benefits_of_donation,"save lives, 3 patients, surgeries, cancer"
BD_002,How many lives does one blood donation save?,"One whole blood donation can help up to 3 patients because blood is separated into components: Red blood cells, platelets, and plasma. Each component can help different patients. Your single donation could help a trauma patient, a cancer patient, and a surgery patient simultaneously.",benefits_of_donation,"save lives, 3 patients, components, trauma"
BD_003,What are the health benefits of donating blood?,"Potential benefits include: Free health screening (blood pressure, hemoglobin, infectious disease testing), Reduction of excess iron (beneficial for cardiovascular health), Improved blood flow, Sense of purpose and community service, Some studies suggest regular donation may reduce heart attack risk, Calorie burn (about 650 calories per donation). The main benefit is helping others!",benefits_of_donation,"benefits, health screening, iron, cardiovascular"
BD_004,Does donating blood reduce heart attack risk?,"Some studies suggest regular blood donation may reduce cardiovascular risk in men by reducing iron levels, which can contribute to oxidative stress. However, this benefit is not definitively proven and shouldn't be the main reason to donate. Donate to help others - any health benefits are a bonus!",benefits_of_donation,"heart attack, cardiovascular, iron, studies"
BD_005,Does donating blood help with weight loss?,"You temporarily lose about 1 pound (450g) from the donated blood, but this returns as you rehydrate. Donating is not an effective weight loss method. Focus on diet and exercise for weight management. Any 'weight loss' from donation is temporary fluid loss.",benefits_of_donation,"weight loss, temporary, rehydrate"
BD_006,Does donating blood improve blood flow?,"Some research suggests regular donation may improve blood flow by reducing blood viscosity (thickness). This is because donors have fewer red cells temporarily. However, this isn't a proven major health benefit. Donate to help others, not for this theoretical benefit.",benefits_of_donation,"blood flow, viscosity, red cells"
BD_007,What do I get for donating blood?,"While compensation varies by country, most donors receive: Satisfaction of saving lives, Free health screening, Snacks and drinks after donation, Some centers provide donor T-shirts or small items, Many have donor recognition programs, In some countries, donors receive blood credits for themselves/family. The real reward is knowing you helped someone.",benefits_of_donation,"reward, satisfaction, screening, recognition"
BD_008,Can I donate blood for my own future use?,"Yes, you can donate for your own future surgery (autologous donation). This must be arranged in advance through your doctor and blood center. Your blood is set aside specifically for your use. This is done when scheduled surgery is planned and blood might be needed.",benefits_of_donation,"autologous donation, surgery, future use"
BD_009,Can I designate my donation for a specific person?,"Yes, you can make a directed donation for a specific patient. This requires coordination between you, the patient's doctor, and the blood center. The patient must have a documented need. Directed donations are subject to compatibility testing and the same safety screening as regular donations.",benefits_of_donation,"directed donation, specific patient, compatibility"
BD_010,What is a blood donor card?,"A donor card (or donor ID) is issued after your first donation. It contains your donor number, blood type, and donation history. It speeds up future donations by providing your information. Many centers now use apps or digital cards. Keep your donor information updated.",benefits_of_donation,"donor card, donor ID, blood type, history"
BD_011,What is the blood donor recognition program?,"Many blood centers have programs to recognize regular donors: Bronze level (1-5 donations), Silver level (6-10 donations), Gold level (11+ donations), Some give awards at milestones (10, 25, 50, 100 donations). Recognition may include pins, certificates, or special events. It's a way to thank committed donors.",benefits_of_donation,"recognition, milestones, bronze, silver, gold"
ES_001,What is emergency blood donation?,"Emergency blood donation is needed when there's urgent, high demand for blood - mass casualty events, disasters, or severe shortages. O- is especially critical as universal donor. Blood centers may issue urgent appeals, extend hours, or offer expedited processing. Consider responding to emergency appeals if eligible.",emergency_sos,"emergency, disaster, shortage, O-"
ES_002,What is an SOS blood request?,"SOS (emergency) blood requests are urgent calls for specific blood types for critical patients. In our Blood Donation App, SOS requests: Alert nearby eligible donors, Show donor locations on map, Enable real-time response tracking, Prioritize emergency notifications. These are time-critical requests for patients in immediate need.",emergency_sos,"SOS, emergency, app, tracking, notifications"
ES_003,What should I do if I receive an SOS blood request?,"If you receive an emergency blood request and are eligible: Respond promptly through the app with your availability, Provide your estimated arrival time, Follow all safety guidelines, Bring your donor ID/CNIC, Complete health screening honestly, Donate if eligible. Quick response saves lives in emergencies.",emergency_sos,"SOS, respond, eligible, safety, CNIC"
ES_004,Why are O- donors especially important in emergencies?,"O- is the universal donor type - can be given to anyone in emergencies when there's no time to type the patient's blood. In trauma situations, seconds matter. O- is crucial for stockpiling for disasters. O- donors are especially urged to respond to emergency appeals.",emergency_sos,"O-, universal donor, emergency, trauma"
ES_005,What blood types are most needed in emergencies?,"Priority order for emergency needs: O- (universal donor, always critical), O+ (most common, can donate to all positive types), Rh-negative types (A-, B-, AB-, O-). All types are needed, but these are especially valuable in emergencies.",emergency_sos,"emergency, O-, O+, Rh-negative"
ES_006,How does the Blood Donation App SOS feature work?,"The SOS feature allows patients to send emergency blood requests: Patient enters blood type and location, App alerts all eligible nearby donors, Donors can respond with ETA, Real-time tracking shows donor locations, Emergency requests are prioritized in notifications. It connects urgent need with willing donors quickly.",emergency_sos,"SOS feature, app, alerts, tracking, ETA"
ES_007,Can I donate blood if I've received an emergency call?,"Yes! If you receive an emergency call or app notification and you're eligible, please respond. Emergency blood is urgently needed. Make sure you meet eligibility criteria, haven't donated recently (56-day minimum), feel healthy and well-hydrated. Your quick response can save a life.",emergency_sos,"emergency call, eligible, 56 days, save life"
ES_008,What should I do if I need emergency blood?,"If you need emergency blood: Contact your hospital blood bank directly, Use our app's SOS feature to request donors, Call emergency services for medical help first, Don't delay medical care for blood donation - hospitals have emergency stock, Communicate clearly about blood type needed.",emergency_sos,"emergency blood, hospital, SOS, emergency services"
PS_001,What are the blood donation requirements in Pakistan?,"Pakistan follows WHO guidelines: Age 18-65 years, Weight minimum 50 kg, Hemoglobin ≥12.5 g/dL (women), ≥13.0 g/dL (men), Good general health, No recent tattoos (6-month wait), No recent piercings (3-month wait), Valid CNIC required. Additional criteria may apply per blood bank.",pakistan_specific,"Pakistan, requirements, CNIC, WHO"
PS_002,Which blood types are most common in Pakistan?,"In Pakistan, B+ is the most common blood type (~35%), followed by O+ (~30%), A+ (~20%), AB+ (~10%). Negative types are rare. Knowing the common types helps blood banks maintain adequate stocks. Despite B+ being common, O- is always critical as universal donor.",pakistan_specific,"Pakistan, blood types, B+, O+, common"
PS_003,Can I donate blood during Ramadan in Pakistan?,"Yes, but not while fasting. Donate after Iftar when you've broken your fast with food and water. Many blood banks extend evening hours during Ramadan. Plan ahead if you're a regular donor - donate before Ramadan begins if you'll be fasting. Stay well-hydrated between Iftar and Suhoor.",pakistan_specific,"Pakistan, Ramadan, fasting, Iftar"
PS_004,What ID is required for blood donation in Pakistan?,"A valid CNIC (Computerized National Identity Card) is required. Some centers may accept passport or driver's license as secondary ID, but CNIC is the standard. Always bring your original CNIC - copies are not accepted. First-time donors must complete full registration.",pakistan_specific,"Pakistan, CNIC, ID, registration"
PS_005,Which blood banks in Pakistan can I donate at?,"Major blood donation centers in Pakistan include: Pakistan Red Crescent Society (nationwide), Edhi Blood Bank, Sundas Foundation, Fatimid Foundation, Indus Hospital Blood Bank, Shaukat Khanum Hospital, Many private and government hospital blood banks. Use our app to find nearby centers.",pakistan_specific,"Pakistan, blood banks, Red Crescent, Edhi, Fatimid"
PS_006,Can I donate blood if I have thalassemia trait?,"If you have thalassemia minor (trait), you may be eligible depending on your hemoglobin levels. However, many blood centers defer thalassemia carriers. Thalassemia major patients cannot donate. If you have thalassemia trait, consult with the blood bank about eligibility - you may still be able to help in other ways.",pakistan_specific,"Pakistan, thalassemia, trait, hemoglobin"
PS_007,Are there any travel restrictions for blood donation in Pakistan?,"Travel to certain areas may cause temporary deferral: Malaria-endemic areas within Pakistan may require 3-12 month wait, International travel has specific waiting periods based on disease risk. Always inform staff about recent travel when donating. Honesty about travel history protects blood safety.",pakistan_specific,"Pakistan, travel, malaria, deferral"
MM_001,Can I get AIDS from donating blood?,"No, this is a complete myth. You cannot get HIV or AIDS from donating blood. All equipment is sterile and single-use. Nothing is ever reused. There is zero risk of HIV transmission. This myth has discouraged many from donating but has no basis in reality.",myths_misconceptions,"myth, AIDS, HIV, sterile"
MM_002,Will donating blood make me weak?,"No, you won't become weak from donating. You may feel slightly tired for a few hours, but this passes quickly. Your body replaces the donated blood within days. Millions of people donate regularly and lead completely normal, active lives. Athletes, soldiers, and manual laborers all donate without lasting weakness.",myths_misconceptions,"myth, weak, tired, active"
MM_003,Will donating blood affect my physical performance?,"For the first 24 hours after donation, avoid strenuous exercise. After that, your performance returns to normal. Regular donors have no long-term performance issues. Professional athletes even donate blood during off-seasons. Just wait a day before intense training.",myths_misconceptions,"myth, performance, exercise, athletes"
MM_004,Can I donate blood if I'm vegetarian?,"Yes, vegetarians can donate blood! However, vegetarians may have lower iron stores. Focus on iron-rich plant foods: spinach, lentils, beans, fortified cereals, dried fruits. Combine with Vitamin C for better absorption. Many vegetarians are successful regular donors.",myths_misconceptions,"myth, vegetarian, iron, plant foods"
MM_005,Is blood donation against my religion?,"Most major religions support blood donation as an act of saving lives. In Islam, saving a life is highly valued, and blood donation is considered permissible and praiseworthy by most Islamic scholars. Religious leaders of all faiths generally endorse donation as a humanitarian act.",myths_misconceptions,"myth, religion, Islam, saving lives"
MM_006,Will donating blood affect my monthly cycle?,"No, blood donation does not affect menstrual cycles or hormone levels. However, menstruation can lower hemoglobin, so you may be temporarily deferred if hemoglobin is too low. Otherwise, donation and menstruation are unrelated. Women can donate at any time in their cycle if hemoglobin meets requirements.",myths_misconceptions,"myth, menstrual cycle, hormones, hemoglobin"
MM_007,Can I donate blood if I'm on my period?,"Yes, as long as your hemoglobin meets the minimum requirement (≥12.5 g/dL). However, menstruation can temporarily lower hemoglobin, making you more likely to be deferred. If deferred, wait until after your period ends and iron levels recover before trying again.",myths_misconceptions,"myth, period, menstruation, hemoglobin"
MM_008,Does donating blood hurt my veins?,"Repeated blood donation does not damage veins. Blood draw experts use proper technique to minimize vein impact. Veins can become more visible over time. Some people have better veins for donation than others. If you have small or difficult veins, staff will use their expertise to make it work.",myths_misconceptions,"myth, veins, damage, technique"
MM_009,Will my blood be sold for profit?,"Blood donations are not sold for profit in Pakistan's major blood banks. Donated blood is used to help patients. Some processing fees may be charged to recipients to cover testing, storage, and transport costs, but the blood itself is donated freely. Your donation saves lives, not makes profit.",myths_misconceptions,"myth, sold, profit, Pakistan"
MM_010,Is it true that blood is only needed after disasters?,"No, blood is needed every day, not just after disasters. While disasters increase demand, blood is constantly needed for: surgeries (planned and emergency), cancer treatment, childbirth complications, trauma, blood disorders. Regular donation maintains adequate blood supply, not just emergency response.",myths_misconceptions,"myth, disasters, daily need, surgeries"
MM_011,Do I need to know my blood type to donate?,"No, you don't need to know your blood type to donate. The blood bank will type your blood and tell you your type. First-time donors often learn their blood type through donation. Once you know your type, keep it for future reference. Type also appears on your donor card.",myths_misconceptions,"myth, blood type, donor card"
MM_012,Can I donate blood if I'm afraid of needles?,"Yes! Many people start as nervous donors and become regulars. The needle pinch only lasts a second. Staff are experienced with nervous donors and will help. Look away, distract yourself, bring a friend. Most first-timers say 'that wasn't bad at all!' afterward.",myths_misconceptions,"myth, afraid, needles, nervous"
MM_013,Will donating blood reduce my immunity?,"No, blood donation does not weaken your immune system. White blood cells are only about 1% of blood volume. Your immune system remains fully functional. You're not more susceptible to illness. The health screening before donation ensures only healthy people donate.",myths_misconceptions,"myth, immunity, immune system, white blood cells"
MM_014,Is blood donation only for young people?,"No, adults of all ages donate. As long as you're 18-65 and meet health criteria, you can donate. Many older adults are dedicated donors. In fact, older donors are often more reliable and consistent. Age alone doesn't disqualify you - health does.",myths_misconceptions,"myth, young, age, older donors"
TR_001,Can I donate blood after international travel?,"Travel to some countries requires waiting periods due to disease risk: Malaria areas - 3-12 month wait, UK/Ireland during mad cow disease risk period (1980-1996) may defer you, Areas with recent outbreaks may have restrictions. Always inform staff about recent travel - honesty is crucial for blood safety.",travel_restrictions,"travel, international, malaria, waiting period"
TR_002,What is the waiting period after visiting a malaria-endemic area?,"If you've traveled to a malaria-endemic area, the waiting period is typically 3-12 months depending on: Length of stay, Whether you took malaria prophylaxis, Whether you had any symptoms. Short trips with prophylaxis may have shorter waits. Always inform staff about recent travel.",travel_restrictions,"malaria, waiting period, prophylaxis, travel"
TR_003,Can I donate blood after traveling to the UK or Europe?,Travel to the UK during 1980-1996 for cumulative 3+ months may cause deferral due to theoretical mad cow disease (vCJD) risk. Military personnel stationed in certain areas may have longer restrictions. Policies vary by country and are updated as research evolves. Inform staff about European travel.,travel_restrictions,"UK, Europe, mad cow disease, vCJD"
TR_004,What travel affects blood donation eligibility?,"Travel that affects eligibility includes: Malaria-endemic areas (waiting period 3-12 months), Areas with recent Ebola outbreaks, Areas with Zika virus risk, Extended UK/Europe travel during 1980-1996. Always disclose recent travel - blood safety depends on donor honesty.",travel_restrictions,"travel, malaria, Ebola, Zika, UK"
TR_005,Can I donate blood if I recently moved from another country?,"Recent immigration from certain countries may require evaluation: Malaria risk areas may have waiting periods, Some disease exposures require deferral, Extended stays in certain areas matter. Inform staff about your country of origin and recent travel. You may be eligible or need to wait.",travel_restrictions,"immigration, moved, country, waiting period"
TS_001,What tests are performed on donated blood?,"Every donation undergoes infectious disease testing: HIV 1 and 2, Hepatitis B and C, Syphilis, West Nile Virus, HTLV (in some regions), Chagas disease (in endemic areas). Also blood typed (ABO and Rh) and screened for unexpected antibodies. Any positive test means the blood is discarded and donor is notified.",testing_screening,"tests, HIV, hepatitis, syphilis, blood type"
TS_002,Will I be told if my donated blood tests positive?,"Yes, you will be notified if any test is positive. This is done confidentially, usually by phone or certified letter. You'll be referred for follow-up testing and medical care. Positive test results may temporarily or permanently affect your ability to donate. Your privacy is protected.",testing_screening,"positive test, notified, confidential, privacy"
TS_003,What if I'm notified about a positive test result?,"If notified about a positive test: Follow up with your doctor for confirmatory testing, Follow medical advice and any treatment, Understand this may affect future donation eligibility, Don't be alarmed - screening tests can have false positives, Confirmatory testing is needed before diagnosis.",testing_screening,"positive test, doctor, confirmatory, diagnosis"
TS_004,Is donor health information kept confidential?,"Yes, all health information is strictly confidential. Health history interviews are private. Test results are confidential. Your information is protected by law and medical ethics. Information is only shared with medical personnel involved in the donation process.",testing_screening,"confidential, privacy, medical ethics"
TS_005,What happens during the health screening?,"Health screening includes: Private health history questionnaire (personal habits, medications, travel, medical history), Mini-physical (temperature, blood pressure, pulse, hemoglobin test), Confidential interview to discuss any concerns. Be honest - your answers protect your health and blood safety.",testing_screening,"screening, questionnaire, physical, confidential"
TS_006,What questions are asked during donor screening?,"Questions cover: Recent illnesses and symptoms, Medications taken, Recent tattoos/piercings, Travel history, High-risk behaviors, Medical history, Pregnancy status. Questions ensure donor safety and blood quality. Honesty is essential even if you want to donate.",testing_screening,"questions, screening, medications, travel"
TS_007,Can I donate if I don't want to answer certain questions?,"You must answer all screening questions to donate. If you're uncomfortable answering or your answer would disqualify you, you can confidentially indicate you shouldn't donate. Blood centers have procedures for this. Donating when ineligible puts recipients at risk.",testing_screening,"questions, screening, confidential, risk"
TS_008,What happens if I'm deferred from donating?,"If deferred, you'll be told the reason and how long the deferral lasts. Some deferrals are temporary (wait a few days to months), some are permanent. If temporarily deferred, you can donate after the waiting period. If permanent, you can help in other ways (volunteering, encouraging others).",testing_screening,"deferred, temporary, permanent, waiting"
FTD_001,What should first-time donors know?,"For first-time donors: Bring valid ID, Eat iron-rich foods and drink extra water, Get good sleep, Bring a friend for support if nervous, Expect the process to take 45-60 minutes, Be honest during health screening, Rest after donation, Feel proud - you're saving lives!",first_time_donors,"first-time, nervous, process, saving lives"
FTD_002,What happens at my first blood donation?,"First donation steps: 1) Register with ID, 2) Complete health history privately, 3) Get mini-physical, 4) Sit in donation chair, 5) Needle inserted (quick pinch!), 6) Donation takes 8-10 minutes, 7) Bandage applied, 8) Rest with snacks for 15 minutes. Staff guide you through everything.",first_time_donors,"first donation, steps, needle, process"
FTD_003,Will I be nervous during my first donation?,"It's completely normal to be nervous! Most donors were nervous their first time. Staff are experienced at helping nervous donors. The anticipation is worse than the actual donation. Most first-timers say 'that wasn't bad!' afterward. You can bring a friend, listen to music, or just take deep breaths.",first_time_donors,"nervous, first time, staff, friend"
FTD_004,Can I bring someone to my blood donation?,"Yes! Bring a friend or family member for support. They can wait with you, sit nearby during donation, and help with transportation. Many people find it helps to have someone with them. Your guest can also learn about donation and possibly become a donor themselves!",first_time_donors,"bring someone, friend, support, transportation"
FTD_005,How do I prepare for my first blood donation?,"Preparation checklist: Eat iron-rich meal 2-3 hours before, Drink extra water starting day before, Get good sleep night before, Bring valid ID (CNIC), Know list of medications, Wear comfortable shirt with sleeves that roll up, Bring friend for support if desired.",first_time_donors,"prepare, iron-rich, water, sleep, ID"
FTD_006,What if I can't complete my first donation?,"If you can't complete donation (faint, veins difficult, etc.), it's completely okay. Not everyone completes their first donation. You can try again later. Staff may suggest trying different techniques or a different donation type. Don't feel bad - attempting donation shows you care.",first_time_donors,"can't complete, faint, veins, okay"
FTD_007,Will I be notified of my blood type after first donation?,"Yes! After your first donation, you'll receive your blood type (A+, B-, O+, etc.). It will be on your donor card. Knowing your blood type is useful information. Many people learn their blood type through donation. Keep your donor card for future reference.",first_time_donors,"blood type, donor card, notification"
FTD_008,Can I donate blood if I've never donated before?,"Absolutely! New donors are always welcome. Blood centers rely on first-time donors becoming regular donors. If you meet eligibility criteria, there's no reason not to donate. Your first donation is just the beginning of a life-saving habit.",first_time_donors,"first-time, new donors, eligible, habit"
FTD_009,What should I expect after my first donation?,"After first donation: You'll feel proud of helping others, May be slightly tired for a few hours (normal), Will receive donor card with blood type, Can donate again in 56 days, May be contacted about future donation needs, Might even become a regular donor!",first_time_donors,"after donation, proud, donor card, regular"
RD_001,How many times can I donate blood?,Healthy adults can donate up to 6 times per year (every 56 days). Some countries with 84-day intervals allow 4 times yearly. Platelets can be donated up to 24 times yearly. There's no lifetime maximum - many people have donated 100+ times over their lifetime.,regular_donors,"frequency, 6 times, 56 days, lifetime"
RD_002,What is a regular blood donor?,"A regular donor donates consistently, typically 2-4 times per year. They maintain eligibility between donations and are committed to helping maintain blood supply. Regular donors are the backbone of blood banking - they provide reliable blood supply and can be counted on.",regular_donors,"regular donor, consistent, backbone"
RD_003,Do regular donors get any special recognition?,"Yes! Many centers recognize regular donors: Awards at milestones (10, 25, 50, 100 donations), Donor recognition programs with pins/medals, Special events for long-term donors, Some centers have halls of fame. Recognition varies by center but appreciation is universal.",regular_donors,"recognition, milestones, awards, pins"
RD_004,Can I donate blood for many years?,"Yes! Many people donate from age 18 well into their 60s and beyond. As long as you stay healthy and meet criteria, you can continue. Some donors have given 100+ donations over decades. Regular donation is a lifelong habit for many generous people.",regular_donors,"many years, decades, 100+ donations"
RD_005,What happens if I take a break from donating?,"Taking a break is fine! Health, life circumstances, or personal reasons may require breaks. When you return, you'll go through screening again. Your donor number stays the same. You're always welcomed back. Regular donors who return after breaks become regular again.",regular_donors,"break, return, screening"
RD_006,How do I maintain my eligibility as a regular donor?,"Stay eligible by: Maintaining healthy iron levels (iron-rich diet), Keeping chronic conditions controlled, Avoiding high-risk behaviors, Following waiting periods between donations, Being honest during health screening, Staying healthy overall. Healthy donors make regular donors.",regular_donors,"eligibility, iron, healthy, screening"
FC_001,Where can I donate blood in Pakistan?,"Blood donation centers in Pakistan: Pakistan Red Crescent Society (nationwide), Edhi Blood Bank (multiple cities), Fatimid Foundation (Karachi, other cities), Indus Hospital (Karachi), Shaukat Khanum Hospital (Lahore), Government hospital blood banks, Private hospital blood banks. Use our app to find nearby centers.",finding_centers,"Pakistan, centers, Red Crescent, Edhi"
FC_002,How do I find a blood donation center near me?,"Find centers through: Our Blood Donation App (shows nearby centers), Pakistan Red Crescent website, Edhi Foundation website, Hospital directories, Calling 115 (health helpline in some provinces). Many centers have websites with hours and contact information.",finding_centers,"find, nearby, app, website"
FC_003,Do I need an appointment to donate blood?,"It depends on the center. Many accept walk-ins, but appointments reduce wait time. For first donation or apheresis (platelets, plasma), appointments are usually required. During high demand or emergencies, walk-ins are especially welcome. Call ahead or check the center's policy.",finding_centers,"appointment, walk-ins, wait time"
FC_004,What are the typical blood bank hours?,"Hours vary by center: Most open 8 AM - 8 PM, Some have extended evening hours, Weekend hours vary (many open Saturday-Sunday), During emergencies, extended hours. Regular business hours are common for hospital-based banks. Call or check online for specific hours.",finding_centers,"hours, 8 AM, 8 PM, weekend"
FC_005,Can I donate blood at mobile blood drives?,"Yes! Mobile blood drives are held at: Workplaces, Schools/Universities, Religious centers, Community events, Shopping malls. Mobile drives are convenient and reach many people. Watch for announcements in your community. Use our app to find scheduled drives.",finding_centers,"mobile drives, workplace, schools, events"
FC_006,Are blood donation centers safe and clean?,"Yes, blood donation centers maintain high standards of cleanliness and safety. All equipment is sterile and disposable. Staff are trained in safety procedures. Centers are regularly inspected. The entire process is designed with donor and recipient safety as top priority.",finding_centers,"safe, clean, sterile, inspected"
BC_001,What are blood components?,"Blood has several components: Red blood cells (carry oxygen), Platelets (help clotting), Plasma (liquid containing proteins and clotting factors), White blood cells (immune system). Donated blood is separated so each component can help different patients. One donation helps up to 3 patients.",blood_components,"components, red cells, platelets, plasma"
BC_002,What are red blood cells used for?,"Red blood cells treat: Anemia from blood loss, Surgery patients, Trauma and accident victims, Cancer patients during chemotherapy, Sickle cell disease patients, Bone marrow failure. Red cells carry oxygen and are crucial for many conditions. They have 42-day shelf life.",blood_components,"red cells, anemia, surgery, trauma"
BC_003,What are platelets used for?,"Platelets help blood clot and are used for: Cancer patients (especially leukemia), Bone marrow transplant patients, Chemotherapy patients, Surgery patients with clotting problems, Dengue fever patients. Platelets only last 5-7 days, so constant donations are needed.",blood_components,"platelets, clotting, cancer, leukemia"
BC_004,What is plasma used for?,"Plasma treats: Burn victims, Shock/trauma patients, Clotting factor deficiencies, Liver disease, Immune deficiencies, Hemophilia. Plasma can be frozen for up to 1 year. AB plasma is especially valuable as the universal plasma type.",blood_components,"plasma, burns, trauma, hemophilia"
BC_005,What is whole blood used for?,"Whole blood (not separated) is used for: Massive blood loss (trauma, surgery), Exchange transfusions, When component therapy isn't available. Whole blood must be used quickly (within 24 hours). Most blood is separated into components to help more patients.",blood_components,"whole blood, trauma, surgery, 24 hours"
BC_006,What is cryoprecipitate used for?,"Cryoprecipitate (cryo) is concentrated clotting factors from plasma, used for: Hemophilia A, Von Willebrand disease, Massive bleeding, Cardiac surgery. Cryo is made from frozen plasma that's thawed and centrifuged. It contains specific clotting factors.",blood_components,"cryoprecipitate, clotting factors, hemophilia"
SC_001,Can men who have sex with men donate blood?,"Policies vary by country. In Pakistan, men who have sex with men may face deferral due to HIV risk assessment. This is a controversial policy being updated in many countries. Honesty during screening is essential. Individual circumstances vary. Check with local blood centers.",special_considerations,"MSM, HIV, policy, screening"
SC_002,Can sex workers donate blood?,"People who engage in sex work for money or drugs typically face deferral due to increased HIV and hepatitis risk. This is based on epidemiological risk, not judgment. Honesty during screening is crucial. Individual circumstances may be evaluated.",special_considerations,"sex workers, HIV, hepatitis, risk"
SC_003,Can people who use drugs donate blood?,"People who have used injected drugs (even once) are typically permanently deferred due to HIV and hepatitis risk. Those using non-injected drugs may be deferred depending on circumstances. Honesty is essential - using drugs doesn't disqualify you forever in every case, but injection drug use typically does.",special_considerations,"drugs, injected, HIV, hepatitis"
SC_004,Can I donate blood if I've been incarcerated?,"Incarceration (jail/prison) may affect eligibility due to increased risk of certain infections. Policies vary - some countries defer for 12 months after release, others for longer. Check with local blood center. Honesty about incarceration history is important for blood safety.",special_considerations,"incarcerated, jail, prison, infections"
SC_005,Can I donate blood if I've had a needle stick injury?,Recent needle stick injuries (especially from unknown sources) typically require 12-month deferral due to infection risk. Occupational needle sticks with known source may have different policies. Always inform staff about any needle stick exposures.,special_considerations,"needle stick, injury, deferral"
SC_006,Can I donate blood if I've had acupuncture?,"If performed by a licensed professional using sterile needles, acupuncture doesn't affect eligibility. If performed by unlicensed practitioner or needle source is unknown, 12-month deferral may apply. Inform staff about recent acupuncture treatments.",special_considerations,"acupuncture, sterile needles, deferral"
DD_001,Why would I be deferred from donating blood?,"Deferral reasons include: Low hemoglobin (iron), Recent illness (cold, flu), Recent tattoo/piercing (waiting period), Recent travel to risk areas, Certain medications, High-risk behaviors, Pregnancy, Recent major surgery, Certain medical conditions. Some deferrals are temporary, some permanent.",disqualification_deferral,"deferred, iron, illness, tattoo"
DD_002,What is temporary deferral?,"Temporary deferral means you can't donate now but can donate later after waiting period. Examples: Low iron (wait until iron levels recover), Recent tattoo (wait 6-12 months), Recent illness (wait until recovered), Recent travel (wait 3-12 months). Most deferrals are temporary.",disqualification_deferral,"temporary, waiting period, iron, tattoo"
DD_003,What is permanent deferral?,"Permanent deferral means you can never donate blood due to safety concerns. Examples: HIV/AIDS, Hepatitis B/C (after age 11), Injection drug use history, Certain cancers, Some chronic conditions, High-risk behaviors. These are rare but protect blood supply safety.",disqualification_deferral,"permanent, HIV, hepatitis, cancer"
DD_004,How long does temporary deferral last?,"Temporary deferral varies: Low iron - until levels recover (weeks to months), Tattoo - 6-12 months, Travel to malaria area - 3-12 months, Illness - until fully recovered (days to weeks), Pregnancy - 6-9 months after birth. You'll be told exactly when you can donate again.",disqualification_deferral,"temporary, weeks, months, iron"
DD_005,Can I be deferred if I feel fine?,"Yes, you can be deferred even if feeling fine. Some deferrals are based on risk factors, not symptoms. For example, recent tattoos, travel, or medications. These deferrals protect blood safety even if you feel healthy. You can often donate after the waiting period.",disqualification_deferral,"deferred, feel fine, risk factors"
DD_006,What if I disagree with a deferral decision?,"You can ask for clarification about the reason. If you believe it's an error, some centers allow re-evaluation. However, deferrals are based on medical guidelines and blood safety. You can't donate while deferred. If permanent, find other ways to help.",disqualification_deferral,"disagree, deferral, re-evaluation"
DD_007,Does deferral mean I did something wrong?,"No, deferral doesn't mean you did anything wrong! It just means a risk factor or condition affects eligibility. Many people are deferred at some point - even regular donors. It's about blood safety, not judgment. You can help in other ways.",disqualification_deferral,"deferred, wrong, safety, judgment"
OWH_001,How can I help if I can't donate blood?,"Even if you can't donate, you can help by: Encouraging eligible friends/family to donate, Organizing blood drives, Volunteering at blood centers, Spreading awareness about blood donation, Making financial contributions to blood banks, Supporting blood donation campaigns, Using our app to help patients find donors.",other_ways_to_help,"help, volunteer, organize, awareness"
OWH_002,How can I organize a blood drive?,"To organize a blood drive: Contact a blood bank to schedule, Choose convenient date/time/location, Promote to potential donors, Ensure donors meet eligibility, Provide comfortable space, Consider making it regular (quarterly/yearly). Blood banks provide guidance and materials.",other_ways_to_help,"organize, blood drive, schedule, promote"
OWH_003,How can I encourage others to donate?,"Encourage others by: Sharing your positive donation experience, Educating about blood need (saves lives!), Sharing facts to dispel myths, Using social media to spread awareness, Celebrating your donation milestones, Explaining how easy and safe it is, Sharing recipient stories when possible.",other_ways_to_help,"encourage, social media, myths, experience"
OWH_004,Can I volunteer at blood donation centers?,"Yes! Blood centers often need volunteers to: Greet and register donors, Serve refreshments, Provide comfort during donation, Help with administrative tasks, Organize donor areas, Assist at mobile drives. Contact your local blood bank about volunteer opportunities.",other_ways_to_help,"volunteer, greet, refreshments, administrative"
FN_001,Why is blood donation important?,"Blood donation is crucial because: There is no substitute for human blood, Every 2 seconds someone needs blood, One donation can help up to 3 patients, Blood is constantly needed for surgeries, cancer treatment, trauma, and more, Regular donors maintain the blood supply, You can save lives with a simple act.",final_notes,"important, save lives, substitute, regular donors"
FN_002,What is the most important thing to know about donating blood?,"The most important thing: Blood donation saves lives. The process is safe, quick, and relatively painless. Your body quickly replaces what you give. You help patients you'll never meet but who will be forever grateful. If you're eligible, please donate regularly. It's one of the most impactful things you can do.",final_notes,"important, safe, saves lives, impactful"
FN_003,How do I get started with blood donation?,"Getting started is easy: Check if you meet basic eligibility (18-65, 50+ kg, healthy), Find a nearby center using our app, Call or walk in, Bring valid ID, Answer health questions honestly, Donate and feel proud! First donation takes 45-60 minutes but saves lives. You'll learn your blood type and can donate again in 56 days.",final_notes,"get started, eligibility, center, ID"
FN_004,What should I remember about blood donation?,"Remember: It's safe - no disease risk, It saves lives - up to 3 patients per donation, It's quick - 10-15 minutes actual donation, Eligibility is simple - basic health requirements, You can donate regularly - every 56 days, Millions donate safely every year, You're helping people in your community. Now that you know, will you donate?",final_notes,"remember, safe, quick, save lives"
SDT_001,What is platelet donation?,"Platelet donation (plateletpheresis) collects only platelets using an apheresis machine. Blood is drawn, platelets separated, and remaining blood returned. It takes 2-3 hours but yields many platelet doses from one donor. Platelets help cancer patients and are always needed. You can donate platelets every 7 days.",special_donation_types,"platelets, apheresis, cancer, 7 days"
SDT_002,What is plasma donation?,"Plasma donation collects the liquid portion of blood. During plasmapheresis, blood is drawn, plasma separated, and red cells returned. Plasma treats bleeding disorders, burn victims, and immune deficiencies. You can donate plasma every 28 days. The process takes about 1.5 hours.",special_donation_types,"plasma, plasmapheresis, burns, 28 days"
SDT_003,What is double red cell donation?,"Double red cell donation (2RBC) collects two units of red blood cells at once using an apheresis machine. Plasma and platelets are returned to you. It's more efficient and helps more patients but has stricter eligibility (higher hemoglobin, minimum height/weight). You can donate every 16 weeks.",special_donation_types,"double red, 2RBC, hemoglobin, 16 weeks"
SDT_004,What is power red donation?,"Power Red is the Red Cross term for double red cell donation. It collects two units of red cells from one donor. More red cells means helping more patients. Eligibility: Men at least 5'1"" and 130 lbs, Women at least 5'5"" and 150 lbs, higher hemoglobin. Good for O-, O+, A-, B- donors.",special_donation_types,"Power Red, Red Cross, eligibility"
SDT_005,What is the difference between whole blood and apheresis donation?,"Whole blood collects all blood components at once (takes 10-15 minutes). Apheresis selectively collects one component (platelets, plasma, or double red cells) and returns the rest (takes 1-3 hours). Apheresis yields more of the needed component but takes longer and requires special equipment.",special_donation_types,"whole blood, apheresis, components, time"
SDT_006,What is cord blood donation?,"Cord blood is collected from the umbilical cord and placenta after childbirth. It's rich in stem cells used for transplants. Mothers can donate cord blood after delivering a healthy baby at participating hospitals. The cord would otherwise be discarded. Cord blood treats leukemia, lymphoma, and immune disorders.",special_donation_types,"cord blood, stem cells, leukemia, childbirth"
SDT_007,What is bone marrow donation?,"Bone marrow donation is different from blood donation. It involves collecting stem cells from bone marrow (usually from the pelvis) to treat blood cancers and immune disorders. Donation is done under anesthesia. Most bone marrow donation is now peripheral blood stem cell collection, similar to apheresis.",special_donation_types,"bone marrow, stem cells, anesthesia"
SDT_008,What is peripheral blood stem cell donation?,"PBSC donation collects stem cells from circulating blood (not bone marrow). Donors take medication for 5 days to move stem cells into bloodstream, then undergo apheresis (similar to platelet donation). It's the most common way to donate stem cells for bone marrow transplant recipients.",special_donation_types,"PBSC, stem cells, medication, apheresis"
